{
    "PDC": {
        "GCN": {
            "best_params": {
                "N-GCN": 3,
                "GCN-hidden": 64,
                "DropEdge": 0.30000000000000004,
                "Dropout": 0.2,
                "Learning Rate": 0.001,
                "Batch Size": 32
            },
            "AUC": 0.9871847876772049
        }
    }
}