{
  "MLP": {
    "Spectral Granger": {
      "best_params": {
        "N-MLP": 1,
        "MLP-hidden": 128,
        "Learning Rate": 0.005,
        "Batch Size": 32
      },
      "metrics": {
        "accuracy": 0.6801553398058252,
        "balanced_accuracy": 0.680013934219947,
        "precision_macro": 0.6804137520119148,
        "recall_macro": 0.680013934219947,
        "f1_macro": 0.6801312361312736,
        "precision_micro": 0.6801553398058252,
        "recall_micro": 0.6801553398058252,
        "f1_micro": 0.6801553398058252,
        "jaccard_macro": 0.5154512350202292,
        "jaccard_micro": 0.5153298416995233,
        "auc_macro": 0.8943984241362474,
        "auc_micro": 0.8945957157130738,
        "confusion_matrix": [
          [
            7273,
            793,
            630,
            1148,
            756
          ],
          [
            969,
            7186,
            1030,
            617,
            798
          ],
          [
            629,
            745,
            7216,
            899,
            811
          ],
          [
            1175,
            760,
            873,
            6678,
            614
          ],
          [
            910,
            859,
            621,
            835,
            6675
          ]
        ],
        "classification_report": {
          "0": {
            "precision": 0.663837166849215,
            "recall": 0.6861320754716981,
            "f1-score": 0.6748005195769159,
            "support": 10600.0
          },
          "1": {
            "precision": 0.694769409262303,
            "recall": 0.6779245283018868,
            "f1-score": 0.6862436136179153,
            "support": 10600.0
          },
          "2": {
            "precision": 0.6958534233365478,
            "recall": 0.7005825242718446,
            "f1-score": 0.6982099661344945,
            "support": 10300.0
          },
          "3": {
            "precision": 0.6561855163604206,
            "recall": 0.6611881188118812,
            "f1-score": 0.6586773191300488,
            "support": 10100.0
          },
          "4": {
            "precision": 0.6914232442510876,
            "recall": 0.6742424242424242,
            "f1-score": 0.682724762196993,
            "support": 9900.0
          },
          "accuracy": 0.6801553398058252,
          "macro avg": {
            "precision": 0.6804137520119148,
            "recall": 0.680013934219947,
            "f1-score": 0.6801312361312736,
            "support": 51500.0
          },
          "weighted avg": {
            "precision": 0.6804093941839717,
            "recall": 0.6801553398058252,
            "f1-score": 0.680198961786684,
            "support": 51500.0
          }
        }
      },
      "checkpoint": "/home/hienbui/Documents/Projects/MLforFC_classification_project/classification_action_types/redo_evaluation/dl_checkpoints/MLP_Spectral Granger_checkpoint.npz"
    }
  }
}