{
  "CNN": {
    "COH": {
      "best_params": {
        "N-CNN": 1,
        "CNN-hidden": 32,
        "Kernel Size 0": 5,
        "Kernel Size 1": 1,
        "Padding": 1,
        "Learning Rate": 0.001,
        "Batch Size": 8
      },
      "metrics": {
        "accuracy": 0.2156504854368932,
        "balanced_accuracy": 0.21575771204158337,
        "precision_macro": 0.21617917914363352,
        "recall_macro": 0.21575771204158337,
        "f1_macro": 0.2159038209666842,
        "precision_micro": 0.2156504854368932,
        "recall_micro": 0.2156504854368932,
        "f1_micro": 0.2156504854368932,
        "jaccard_macro": 0.12112209771490637,
        "jaccard_micro": 0.12085663917121901,
        "auc_macro": 0.5197017721907674,
        "auc_micro": 0.5200930202186822,
        "confusion_matrix": [
          [
            2420,
            1974,
            2532,
            1644,
            2030
          ],
          [
            2001,
            2157,
            2070,
            2103,
            2269
          ],
          [
            2303,
            1944,
            1988,
            2117,
            1948
          ],
          [
            1429,
            2371,
            2019,
            2350,
            1931
          ],
          [
            1934,
            2275,
            1878,
            1622,
            2191
          ]
        ],
        "classification_report": {
          "0": {
            "precision": 0.23991275899672845,
            "recall": 0.22830188679245284,
            "f1-score": 0.23396335863102433,
            "support": 10600.0
          },
          "1": {
            "precision": 0.20119391847775395,
            "recall": 0.20349056603773585,
            "f1-score": 0.20233572534121289,
            "support": 10600.0
          },
          "2": {
            "precision": 0.1895680366167636,
            "recall": 0.19300970873786408,
            "f1-score": 0.19127339202386107,
            "support": 10300.0
          },
          "3": {
            "precision": 0.23891825945506304,
            "recall": 0.23267326732673269,
            "f1-score": 0.23575441412520065,
            "support": 10100.0
          },
          "4": {
            "precision": 0.21130292217185842,
            "recall": 0.22131313131313132,
            "f1-score": 0.21619221471212197,
            "support": 9900.0
          },
          "accuracy": 0.2156504854368932,
          "macro avg": {
            "precision": 0.21617917914363352,
            "recall": 0.21575771204158337,
            "f1-score": 0.2159038209666842,
            "support": 51500.0
          },
          "weighted avg": {
            "precision": 0.21617970695882938,
            "recall": 0.2156504854368932,
            "f1-score": 0.2158506550731266,
            "support": 51500.0
          }
        }
      },
      "checkpoint": "/home/hienbui/Documents/Projects/MLforFC_classification_project/classification_action_types/redo_evaluation/dl_checkpoints/CNN_COH_checkpoint.npz"
    },
    "iCOH": {
      "best_params": {
        "N-CNN": 1,
        "CNN-hidden": 128,
        "Kernel Size 0": 3,
        "Kernel Size 1": 2,
        "Padding": 1,
        "Learning Rate": 0.001,
        "Batch Size": 8
      },
      "metrics": {
        "accuracy": 0.9611650485436893,
        "balanced_accuracy": 0.961097105424043,
        "precision_macro": 0.961238843547733,
        "recall_macro": 0.961097105424043,
        "f1_macro": 0.9611615319223361,
        "precision_micro": 0.9611650485436893,
        "recall_micro": 0.9611650485436893,
        "f1_micro": 0.9611650485436893,
        "jaccard_macro": 0.9252297891221042,
        "jaccard_micro": 0.9252336448598131,
        "auc_macro": 0.9924914362394306,
        "auc_micro": 0.9925408290602319,
        "confusion_matrix": [
          [
            10227,
            144,
            83,
            62,
            84
          ],
          [
            130,
            10209,
            88,
            113,
            60
          ],
          [
            129,
            88,
            9904,
            87,
            92
          ],
          [
            99,
            111,
            107,
            9672,
            111
          ],
          [
            84,
            106,
            90,
            132,
            9488
          ]
        ],
        "classification_report": {
          "0": {
            "precision": 0.9585715624707095,
            "recall": 0.964811320754717,
            "f1-score": 0.9616813202313226,
            "support": 10600.0
          },
          "1": {
            "precision": 0.9578720210170764,
            "recall": 0.9631132075471698,
            "f1-score": 0.9604854642957945,
            "support": 10600.0
          },
          "2": {
            "precision": 0.9641744548286605,
            "recall": 0.9615533980582525,
            "f1-score": 0.9628621427182579,
            "support": 10300.0
          },
          "3": {
            "precision": 0.9608583349890721,
            "recall": 0.9576237623762376,
            "f1-score": 0.9592383219279976,
            "support": 10100.0
          },
          "4": {
            "precision": 0.9647178444331469,
            "recall": 0.9583838383838383,
            "f1-score": 0.9615404104383076,
            "support": 9900.0
          },
          "accuracy": 0.9611650485436893,
          "macro avg": {
            "precision": 0.961238843547733,
            "recall": 0.961097105424043,
            "f1-score": 0.9611615319223361,
            "support": 51500.0
          },
          "weighted avg": {
            "precision": 0.9611781497666702,
            "recall": 0.9611650485436893,
            "f1-score": 0.9611651475883015,
            "support": 51500.0
          }
        }
      },
      "checkpoint": "/home/hienbui/Documents/Projects/MLforFC_classification_project/classification_action_types/redo_evaluation/dl_checkpoints/CNN_iCOH_checkpoint.npz"
    },
    "PDC": {
      "best_params": {
        "N-CNN": 3,
        "CNN-hidden": 128,
        "Kernel Size 0": 5,
        "Kernel Size 1": 1,
        "Padding": 1,
        "Learning Rate": 0.001,
        "Batch Size": 8
      },
      "metrics": {
        "accuracy": 0.9592621359223301,
        "balanced_accuracy": 0.9592513426466296,
        "precision_macro": 0.9593026920971257,
        "recall_macro": 0.9592513426466296,
        "f1_macro": 0.9592747496368471,
        "precision_micro": 0.9592621359223301,
        "recall_micro": 0.9592621359223301,
        "f1_micro": 0.9592621359223301,
        "jaccard_macro": 0.9217553114593395,
        "jaccard_micro": 0.9217134967722677,
        "auc_macro": 0.9887908639526752,
        "auc_micro": 0.9888200155528325,
        "confusion_matrix": [
          [
            10190,
            112,
            128,
            60,
            110
          ],
          [
            120,
            10164,
            152,
            86,
            78
          ],
          [
            134,
            112,
            9842,
            92,
            120
          ],
          [
            96,
            100,
            80,
            9732,
            92
          ],
          [
            114,
            86,
            118,
            108,
            9474
          ]
        ],
        "classification_report": {
          "0": {
            "precision": 0.9564482823352731,
            "recall": 0.9613207547169811,
            "f1-score": 0.9588783287851699,
            "support": 10600.0
          },
          "1": {
            "precision": 0.9612256478153962,
            "recall": 0.9588679245283019,
            "f1-score": 0.9600453386228394,
            "support": 10600.0
          },
          "2": {
            "precision": 0.9536821705426357,
            "recall": 0.9555339805825243,
            "f1-score": 0.9546071774975752,
            "support": 10300.0
          },