{
  "SVC": {
    "iCOH": {
      "best_params": {
        "svc_C": 8.590813524206803,
        "svc_gamma": 0.9981004679372237
      },
      "metrics": {
        "accuracy": 0.596116504854369,
        "auc_macro": 0.8357232556378174,
        "confusion_matrix": [
          [
            132,
            22,
            26,
            14,
            18
          ],
          [
            46,
            108,
            20,
            18,
            20
          ],
          [
            32,
            6,
            142,
            6,
            20
          ],
          [
            24,
            28,
            14,
            112,
            24
          ],
          [
            24,
            18,
            18,
            18,
            120
          ]
        ]
      },
      "checkpoint": "c:\\Users\\anhtn\\OneDrive - PennO365\\Documents\\GitHub\\eeg-functional-connectivity-classification\\MLforFC_classification_project\\classification_action_types\\redo_evaluation\\checkpoints\\SVC_iCOH_checkpoint.npz"
    },
    "PDC": {
      "best_params": {
        "svc_C": 9.630284055080294,
        "svc_gamma": 0.9985911436641803
      },
      "metrics": {
        "accuracy": 0.5077669902912622,
        "auc_macro": 0.7489077705343246,
        "confusion_matrix": [
          [
            129,
            25,
            31,
            15,
            12
          ],
          [
            43,
            92,
            39,
            18,
            20
          ],
          [
            33,
            31,
            107,
            14,
            21
          ],
          [
            33,
            27,
            19,
            98,
            25
          ],
          [
            36,
            15,
            19,
            31,
            97
          ]
        ]
      },
      "checkpoint": "c:\\Users\\anhtn\\OneDrive - PennO365\\Documents\\GitHub\\eeg-functional-connectivity-classification\\MLforFC_classification_project\\classification_action_types\\redo_evaluation\\checkpoints\\SVC_PDC_checkpoint.npz"
    },
    "PLV": {
      "best_params": {
        "svc_C": 0.17699139932528546,
        "svc_gamma": 0.61771116995455
      },
      "metrics": {
        "accuracy": 0.19902912621359223,
        "auc_macro": 0.5073455575058943,
        "confusion_matrix": [
          [
            117,
            92,
            3,
            0,
            0
          ],
          [
            121,
            88,
            3,
            0,
            0
          ],
          [
            113,
            93,
            0,
            0,
            0
          ],
          [
            108,
            93,
            1,
            0,
            0
          ],
          [
            108,
            84,
            6,
            0,
            0
          ]
        ]
      },
      "checkpoint": "c:\\Users\\anhtn\\OneDrive - PennO365\\Documents\\GitHub\\eeg-functional-connectivity-classification\\MLforFC_classification_project\\classification_action_types\\redo_evaluation\\checkpoints\\SVC_PLV_checkpoint.npz"
    },
    "COH": {
      "best_params": {
        "svc_C": 0.10983042061639475,
        "svc_gamma": 0.8928271252038065
      },
      "metrics": {
        "accuracy": 0.19029126213592232,
        "auc_macro": 0.5107509018452723,
        "confusion_matrix": [
          [
            107,
            105,
            0,
            0,
            0
          ],
          [
            123,
            89,
            0,
            0,
            0
          ],
          [
            115,
            91,
            0,
            0,
            0
          ],
          [
            98,
            104,
            0,
            0,
            0
          ],
          [
            106,
            92,
            0,
            0,
            0
          ]
        ]
      },
      "checkpoint": "c:\\Users\\anhtn\\OneDrive - PennO365\\Documents\\GitHub\\eeg-functional-connectivity-classification\\MLforFC_classification_project\\classification_action_types\\redo_evaluation\\checkpoints\\SVC_COH_checkpoint.npz"
    },
    "Spectral Granger": {
      "best_params": {
        "svc_C": 9.628462426860665,
        "svc_gamma": 0.949177382049965
      },
      "metrics": {
        "accuracy": 0.2912621359223301,
        "auc_macro": 0.5868975099923947,
        "confusion_matrix": [
          [
            53,
            41,
            36,
            62,
            20
          ],
          [
            33,
            76,
            34,
            45,
            24
          ],
          [
            22,
            49,
            69,
            48,
            18
          ],
          [
            29,
            36,
            46,
            57,
            34
          ],
          [
            28,
            43,
            29,
            53,
            45
          ]
        ]
      },
      "checkpoint": "c:\\Users\\anhtn\\OneDrive - PennO365\\Documents\\GitHub\\eeg-functional-connectivity-classification\\MLforFC_classification_project\\classification_action_types\\redo_evaluation\\checkpoints\\SVC_Spectral Granger_checkpoint.npz"
    }
  },
  "LogReg": {
    "iCOH": {
      "best_params": {
        "logreg_C": 9.795731106934909
      },
      "metrics": {
        "accuracy": 0.26019417475728157,
        "auc_macro": 0.5760302343297614,
        "confusion_matrix": [
          [
            47,
            38,
            50,
            43,
            34
          ],
          [
            33,
            55,
            51,
            34,
            39
          ],
          [
            37,
            26,
            62,
            44,
            37
          ],
          [
            41,
            32,
            35,
            55,
            39
          ],
          [
            28,
            44,
            40,
            37,
            49
          ]
        ]
      },
      "checkpoint": "c:\\Users\\anhtn\\OneDrive - PennO365\\Documents\\GitHub\\eeg-functional-connectivity-classification\\MLforFC_classification_project\\classification_action_types\\redo_evaluation\\checkpoints\\LogReg_iCOH_checkpoint.npz"
    },
    "PDC": {
      "best_params": {
        "logreg_C": 9.924183293826387
      },
      "metrics": {
        "accuracy": 0.3466019417475728,
        "auc_macro": 0.627428049293608,
        "confusion_matrix": [
          [
            82,
            30,
            42,
            33,
            25
          ],
          [
            44,
            73,
            43,
            33,
            19
          ],
          [
            33,
            38,
            73,
            35,
            27
          ],
          [
            37,
            39,
            26,
            68,
            32
          ],
          [
            37,
            24,
            27,
            49,
            61
          ]
        ]
      },
      "checkpoint": "c:\\Users\\anhtn\\OneDrive - PennO365\\Documents\\GitHub\\eeg-functional-connectivity-classification\\MLforFC_classification_project\\classification_action_types\\redo_evaluation\\checkpoints\\LogReg_PDC_checkpoint.npz"
    },
    "PLV": {
      "best_params": {
        "logreg_C": 9.990663652020473
      },
      "metrics": {
        "accuracy": 0.19611650485436893,
        "auc_macro": 0.5121651900436304,
        "confusion_matrix": [
          [
            41,
            51,
            50,
            36,
            34
          ],
          [
            43,
            42,
            32,
            55,
            40
          ],
          [
            48,
            44,
            42,
            42,
            30
          ],
          [
            37,
            43,
            41,
            37,
            44
          ],
          [
            36,
            42,
            45,
            35,
            40
          ]
        ]
      },