{
    "ir_dict": {
        "0": 1.0,
        "1": 5.032520325203252,
        "2": 4.5851851851851855,
        "3": 5.951923076923077,
        "4": 4.7251908396946565,
        "5": 4.912698412698413
    },
    "mean_ir": 4.367919639950763,
    "max_ir": 5.951923076923077,
    "cvir": 0.35914555788537883,
    "entropy": 1.495931808884525,
    "normalized_entropy": 0.8348954391344829
}