FC Metric,LogReg,RFC,SVC
COH,0.19526084517226222,0.20254245844075158,0.18786792452830187
PDC,0.3496807883939154,0.9649043097751797,0.6071727016995526
PLV,0.19580616125360475,0.20131412915975605,0.1813581575047045
Spectral Granger,0.32126619027537484,0.9617975512883767,0.31747421481477694
iCOH,0.2872909127512861,0.9618927223368976,0.9609625317175425
