,precision,recall,f1-score,support
0,0.9564482823352731,0.9613207547169811,0.9588783287851699,10600.0
1,0.9612256478153962,0.9588679245283019,0.9600453386228393,10600.0
2,0.9536821705426357,0.9555339805825243,0.9546071774975752,10300.0
3,0.9656677912284183,0.9635643564356435,0.9646149271483795,10100.0
4,0.9594895685639052,0.9569696969696969,0.9582279761302721,9900.0
accuracy,0.9592621359223301,0.9592621359223301,0.9592621359223301,0.9592621359223301
macro avg,0.9593026920971257,0.9592513426466296,0.9592747496368471,51500.0
weighted avg,0.9592710958519598,0.9592621359223301,0.9592643209832669,51500.0
