,precision,recall,f1-score,support
0,0.22826514555468136,0.2189622641509434,0.2235169491525424,10600.0
1,0.21405633544361868,0.22009433962264152,0.21703335038839017,10600.0
2,0.20810525304907326,0.21038834951456312,0.2092405735528412,10300.0
3,0.23687436159346273,0.2296039603960396,0.23318250377073907,10100.0
4,0.21515151515151515,0.2223232323232323,0.21867858917039246,9900.0
accuracy,0.2202135922330097,0.2202135922330097,0.2202135922330097,0.2202135922330097
macro avg,0.22049052215847023,0.220274429201484,0.22033039320698106,51500.0
weighted avg,0.22047617198216324,0.2202135922330097,0.22029266803105824,51500.0
