,precision,recall,f1-score,support
0,0.23991275899672845,0.22830188679245284,0.23396335863102433,10600.0
1,0.20119391847775395,0.20349056603773585,0.2023357253412129,10600.0
2,0.1895680366167636,0.19300970873786408,0.1912733920238611,10300.0
3,0.23891825945506304,0.23267326732673269,0.23575441412520065,10100.0
4,0.21130292217185842,0.22131313131313132,0.21619221471212197,9900.0
accuracy,0.2156504854368932,0.2156504854368932,0.2156504854368932,0.2156504854368932
macro avg,0.21617917914363352,0.21575771204158337,0.2159038209666842,51500.0
weighted avg,0.21617970695882938,0.2156504854368932,0.2158506550731266,51500.0
