FC Metric,LogReg,RFC,SVC
COH,0.1945905531856859,0.20247241444855768,0.10949742406583804
PDC,0.34928238718860305,0.9649336438337308,0.6074740663285517
PLV,0.19513573440783513,0.20094547817198757,0.10815332175758971
Spectral Granger,0.31826493218708435,0.9618218919183581,0.3134250211701882
iCOH,0.2875203790130177,0.9619514187322444,0.9610175209130325
