,precision,recall,f1-score,support
0,0.9975476325221656,0.9977358490566037,0.9976417319120836,10600.0
1,0.997901163900019,0.9867924528301887,0.9923157195711981,10600.0
2,0.9979599766854478,0.997378640776699,0.9976692240458386,10300.0
3,0.9894933228593873,0.9977227722772277,0.9935910076907908,10100.0
4,0.9954719259408331,0.9992929292929293,0.9973787680209698,9900.0
accuracy,0.9957087378640777,0.9957087378640777,0.9957087378640777,0.9957087378640777
macro avg,0.9956748043815706,0.9957845288467297,0.9957192902481762,51500.0
weighted avg,0.9957242646529967,0.9957087378640777,0.995706038339408,51500.0
