,precision,recall,f1-score,support
0,0.9991511836272753,0.9994339622641509,0.9992925529406216,10600.0
1,0.999056158565361,0.9985849056603774,0.998820476527483,10600.0
2,0.9989321425104358,0.9990291262135922,0.9989806320081549,10300.0
3,0.998811174955419,0.9982178217821782,0.9985144102208577,10100.0
4,0.9985868577773291,0.9992929292929293,0.9989397687686171,9900.0
accuracy,0.9989126213592233,0.9989126213592233,0.9989126213592233,0.9989126213592233
macro avg,0.998907503487164,0.9989117490426456,0.9989095680931468,51500.0
weighted avg,0.9989126534785384,0.9989126213592233,0.9989125801181724,51500.0
