FC Metric,LogReg,RFC,SVC
COH,0.1082418764794491,0.11285181783804224,0.10701503605859657
PDC,0.21254929660368474,0.9321677796953552,0.43700210667299133
PLV,0.10855199431732569,0.11222693748852679,0.1028900001070767
Spectral Granger,0.19258513089490198,0.9264579358844873,0.18948632668144863
iCOH,0.1678401759697042,0.9266020725000935,0.9248738553541395
