FC Metric,LogReg,RFC,SVC
COH,0.10796637123049799,0.11268987587944675,0.06343301927600449
PDC,0.21194678092098776,0.9322513720295673,0.43683074879453854
PLV,0.10828402269734469,0.11179130520165195,0.06220582814159181
Spectral Granger,0.1901106443244054,0.9264541709215237,0.18688688636601195
iCOH,0.16807167875702453,0.926700116441974,0.9249725767739727
