,precision,recall,f1-score,support
0,0.2591928251121076,0.27264150943396226,0.2657471264367816,10600.0
1,0.3241248817407758,0.3232075471698113,0.323665564478035,10600.0
2,0.26800621238594446,0.26805825242718445,0.2680322298805941,10300.0
3,0.2920628565709138,0.2889108910891089,0.29047832362749487,10100.0
4,0.2959839780752609,0.28363636363636363,0.2896786506421829,9900.0
accuracy,0.2874368932038835,0.2874368932038835,0.2874368932038835,0.2874368932038835
macro avg,0.2878741507770005,0.2872909127512861,0.2875203790130177,51500.0
weighted avg,0.2878389886315943,0.2874368932038835,0.2875758485720871,51500.0
