,precision,recall,f1-score,support
0,0.3324024575121679,0.3930188679245283,0.3601781005489993,10600.0
1,0.3176875099952023,0.37481132075471696,0.34389336103176665,10600.0
2,0.35134634958822986,0.3686407766990291,0.3597858530345383,10300.0
3,0.2826489086200518,0.22693069306930694,0.25174364325333626,10100.0
4,0.31875414181577205,0.24292929292929294,0.2757237030667813,9900.0
accuracy,0.32297087378640776,0.32297087378640776,0.32297087378640776,0.32297087378640776
macro avg,0.3205678735062848,0.32126619027537484,0.31826493218708435,51500.0
weighted avg,0.32078137936651574,0.32297087378640776,0.31924713080061545,51500.0
