,precision,recall,f1-score,support
0,0.33861236802413275,0.38122641509433963,0.358658027868998,10600.0
1,0.38995073891625615,0.37339622641509435,0.38149397590361445,10600.0
2,0.3628860242975053,0.3799029126213592,0.3711995446568325,10300.0
3,0.33441001312203494,0.32801980198019803,0.33118408557005047,10100.0
4,0.3243181297272519,0.28585858585858587,0.30387630194351983,9900.0
accuracy,0.35058252427184466,0.35058252427184466,0.35058252427184466,0.35058252427184466
macro avg,0.3500354548174362,0.3496807883939154,0.34928238718860305,51500.0
weighted avg,0.35046185632358784,0.35058252427184466,0.3499475961835616,51500.0
