,precision,recall,f1-score,support
0,0.20470819028935752,0.1968867924528302,0.2007213272421255,10600.0
1,0.21603681741747058,0.23028301886792452,0.22293255399789946,10600.0
2,0.21095023492185253,0.21359223300970873,0.21226301316995513,10300.0
3,0.23552854438577264,0.23405940594059407,0.23479167701246464,10100.0
4,0.20660377358490567,0.1990909090909091,0.2027777777777778,9900.0
accuracy,0.21481553398058253,0.21481553398058253,0.21481553398058253,0.21481553398058253
macro avg,0.2147655121198718,0.21478247187239333,0.2146972698400445,51500.0
weighted avg,0.21469709044998697,0.21481553398058253,0.2146783711576834,51500.0
