,precision,recall,f1-score,support
0,0.19953752770016378,0.19537735849056603,0.1974355307688641,10600.0
1,0.2165745856353591,0.2218867924528302,0.21919850885368128,10600.0
2,0.22775525960239337,0.229126213592233,0.22843867970186818,10300.0
3,0.2205561072492552,0.2199009900990099,0.22022806147744173,10100.0
4,0.1840472072438702,0.18272727272727274,0.18338486491966144,9900.0
accuracy,0.2099611650485437,0.2099611650485437,0.2099611650485437,0.2099611650485437
macro avg,0.20969413748620833,0.2098037254723824,0.20973712914430337,51500.0
weighted avg,0.2098320701008347,0.2099611650485437,0.20988452047679676,51500.0
