FC Metric,LogReg,RFC,SVC
COH,0.19479739526781678,0.20261277657296822,0.07735465747497193
PDC,0.3500354548174362,0.9649697828925866,0.6114351942447733
PLV,0.19537551927068247,0.20134323539135512,0.1034156396069911
Spectral Granger,0.3205678735062848,0.961857465068161,0.3156837450308538
iCOH,0.2878741507770005,0.9620278306781271,0.9610909595115504
