,precision,recall,f1-score,support
0,0.19529803776379118,0.19905660377358492,0.1971594094561764,10600.0
1,0.2170276457122733,0.23254716981132076,0.22451953729847893,10600.0
2,0.19636507309363888,0.19300970873786408,0.1946729338033686,10300.0
3,0.21237723096419897,0.19910891089108912,0.20552915325259338,10100.0
4,0.19199589533093894,0.18898989898989899,0.19048103843217104,9900.0
accuracy,0.20281553398058252,0.20281553398058252,0.20281553398058252,0.20281553398058252
macro avg,0.20261277657296822,0.20254245844075158,0.20247241444855768,51500.0
weighted avg,0.20269867755777607,0.20281553398058252,0.20265116081754816,51500.0
