,precision,recall,f1-score,support
0,0.9518207282913165,0.9616981132075472,0.9567339277334584,10600.0
1,0.9591337099811676,0.9609433962264151,0.9600377002827521,10600.0
2,0.966985739402227,0.9611650485436893,0.9640666082383874,10300.0
3,0.9667065390749602,0.9601980198019802,0.9634412875024836,10100.0
4,0.9608080808080808,0.9608080808080808,0.9608080808080808,9900.0
accuracy,0.9609708737864078,0.9609708737864078,0.9609708737864078,0.9609708737864078
macro avg,0.9610909595115504,0.9609625317175425,0.9610175209130325,51500.0
weighted avg,0.9610059457512304,0.9609708737864078,0.9609790742835399,51500.0
