,mean,err
Classifier,SVC,SVC
FC Metric,,
COH,0.10114084048877556,0.04436999542453712
PDC,0.5964139034165363,0.11288794748840653
PLV,0.10548166634410973,0.04792755378999717
Spectral Granger,0.3097737758256995,0.10661753946946312
iCOH,0.9735448272715044,0.04200000934433368
