{
    "MLP": {
        "best_params": {
            "N-MLP": 5,
            "MLP-hidden": 64,
            "Learning Rate": 0.001,
            "Batch Size": 32
        },
        "FPR": {
            "0": [
                0.0,
                0.0012224938875305623,
                0.008557457212713936,
                0.008557457212713936,
                0.009779951100244499,
                0.009779951100244499,
                0.019559902200488997,
                0.019559902200488997,
                0.022004889975550123,
                0.022004889975550123,
                0.02444987775061125,
                0.02444987775061125,
                0.10268948655256724,
                0.10757946210268948,
                0.18092909535452323,
                0.1821515892420538,
                0.1821515892420538,
                0.2506112469437653,
                0.31907090464547677,
                0.38508557457212717,
                0.3899755501222494,
                0.4572127139364303,
                0.5256723716381418,
                0.5268948655256723,
                0.5880195599022005,
                0.5880195599022005,
                0.5916870415647921,
                0.6577017114914425,
                0.6589242053789731,
                0.726161369193154,
                0.7946210268948656,
                0.8545232273838631,
                0.8545232273838631,
                0.8569682151589242,
                0.8606356968215159,
                0.8899755501222494,
                0.8924205378973105,
                0.9180929095354523,
                0.9193154034229829,
                0.9193154034229829,
                0.980440097799511,
                0.980440097799511,
                0.9816625916870416,
                0.9816625916870416,
                0.9877750611246944,
                0.9877750611246944,
                0.991442542787286,
                0.991442542787286,
                0.9951100244498777,
                0.9951100244498777,
                1.0
            ],
            "1": [
                0.0,
                0.0,
                0.0,
                0.012224938875305624,
                0.012224938875305624,
                0.018337408312958436,
                0.018337408312958436,
                0.02444987775061125,
                0.02444987775061125,
                0.030562347188264057,
                0.030562347188264057,
                0.03178484107579462,
                0.03178484107579462,
                0.034229828850855744,
                0.10635696821515893,
                0.10757946210268948,
                0.10757946210268948,
                0.1100244498777506,
                0.11491442542787286,
                0.11735941320293398,
                0.12102689486552567,
                0.1271393643031785,
                0.17237163814180928,
                0.17726161369193155,
                0.24816625916870416,
                0.3202933985330073,
                0.3215158924205379,
                0.38508557457212717,
                0.45354523227383864,
                0.5207823960880196,
                0.58679706601467,
                0.58679706601467,
                0.5880195599022005,
                0.6528117359413202,
                0.7799511002444988,
                0.8459657701711492,
                0.8471882640586798,
                0.9144254278728606,
                0.9168704156479217,
                0.9767726161369193,
                0.991442542787286,
                0.991442542787286,
                1.0,
                1.0
            ],
            "2": [
                0.0,
                0.0012135922330097086,
                0.00849514563106796,
                0.00849514563106796,
                0.010922330097087379,
                0.010922330097087379,
                0.015776699029126214,
                0.015776699029126214,
                0.019417475728155338,
                0.09223300970873786,
                0.1638349514563107,
                0.1662621359223301,
                0.17233009708737865,
                0.17475728155339806,
                0.21601941747572814,
                0.2196601941747573,
                0.23907766990291263,
                0.24271844660194175,
                0.308252427184466,
                0.3106796116504854,
                0.3774271844660194,
                0.37985436893203883,
                0.44660194174757284,
                0.5133495145631068,
                0.5752427184466019,
                0.6419902912621359,
                0.7099514563106796,
                0.7742718446601942,
                0.7742718446601942,
                0.7754854368932039,
                0.837378640776699,
                0.8385922330097088,
                0.9016990291262136,
                0.9029126213592233,
                0.962378640776699,
                0.9696601941747572,
                0.9696601941747572,
                0.9745145631067961,
                0.9745145631067961,
                0.9769417475728155,
                0.9769417475728155,
                0.9927184466019418,
                0.9927184466019418,
                0.9951456310679612,
                0.9951456310679612,
                0.9975728155339806,
                0.9975728155339806,
                1.0
            ],
            "3": [
                0.0,
                0.0,
                0.007246376811594203,
                0.007246376811594203,
                0.00966183574879227,
                0.00966183574879227,
                0.010869565217391304,
                0.010869565217391304,
                0.014492753623188406,
                0.014492753623188406,
                0.027777777777777776,
                0.027777777777777776,
                0.030193236714975844,
                0.030193236714975844,
                0.033816425120772944,
                0.033816425120772944,
                0.03743961352657005,
                0.1111111111111111,
                0.18115942028985507,
                0.18840579710144928,
                0.20772946859903382,
                0.25,
                0.2524154589371981,
                0.3164251207729469,
                0.3828502415458937,
                0.45410628019323673,
                0.5217391304347826,
                0.7210144927536232,
                0.788647342995169,
                0.7898550724637681,
                0.8526570048309179,
                0.8538647342995169,
                0.9154589371980676,
                0.9746376811594203,
                0.9806763285024155,
                0.9806763285024155,
                0.9963768115942029,
                0.9963768115942029,
                0.998792270531401,
                0.998792270531401,
                1.0
            ],