FC Metric,LogReg,RFC,SVC
COH,0.8158333202251309,0.8073052356119018,0.8204259150974358
PDC,0.8540156501155683,0.998987852058797,0.9415762021135211
PLV,0.8159139196443785,0.8067051182700148,0.817676469264547
Spectral Granger,0.8409153928369202,0.998934910372531,0.8497904939238876
iCOH,0.5858655399957396,0.9923343887132748,0.9962631032448478
