,precision,recall,f1-score,support
0,0.988820317296197,0.9887883683360259,0.9888043425580381,61900.0
1,0.19728830072257855,0.1975609756097561,0.19742454401429904,12300.0
2,0.23628942486085344,0.23585185185185184,0.23607043558850788,13500.0
3,0.18651032270996193,0.1789423076923077,0.18264795367553247,10400.0
4,0.23231781996325782,0.2316793893129771,0.23199816541813179,13100.0
5,0.19222528313437404,0.19936507936507936,0.19573009194327565,12600.0
accuracy,0.5995799676898222,0.5995799676898222,0.5995799676898222,0.5995799676898222
macro avg,0.3389085781145371,0.338697995361333,0.33877925553296423,123800.0
weighted avg,0.599593217611787,0.5995799676898222,0.5995733071070405,123800.0
