,precision,recall,f1-score,support
0,0.9954546930294471,0.9906623586429726,0.993052744085116,61900.0
1,0.9428571428571428,0.9363414634146342,0.9395880073424435,12300.0
2,0.9311499272197962,0.9477037037037037,0.9393538913362701,13500.0
3,0.9509860788863109,0.9458653846153846,0.9484188198997301,10400.0
4,0.933383515242755,0.9465648854961832,0.9399279893879098,13100.0
5,0.9370540669097828,0.9380952380952381,0.9375743634488777,12600.0
accuracy,0.9668012924071082,0.9668012924071082,0.9668012924071082,0.9668012924071082
macro avg,0.9484809040242057,0.9508721723280195,0.9496526359167246,123800.0
weighted avg,0.9669690863190135,0.9668012924071082,0.9668677241487484,123800.0
