,precision,recall,f1-score,support
0,1.0,1.0,1.0,61900.0
1,0.9471232428898333,0.9421951219512195,0.9446527551353114,12300.0
2,0.9440284676402995,0.9432592592592592,0.9436437066953204,13500.0
3,0.9404533230887437,0.9415384615384615,0.9409955794733807,10400.0
4,0.9444908497228339,0.9494656488549619,0.9469717157105334,13100.0
5,0.9462442432904558,0.9457936507936507,0.9460188933873145,12600.0
accuracy,0.9722940226171244,0.9722940226171244,0.9722940226171244,0.9722940226171244
macro avg,0.9537233544386944,0.9537086903995923,0.9537137750669769,123800.0
weighted avg,0.9722958187208462,0.9722940226171244,0.9722935419027663,123800.0
