,precision,recall,f1-score,support
0,0.9900208303056727,0.9904846526655897,0.9902526871734408,61900.0
1,0.2055505229350243,0.2029268292682927,0.20423024996931638,12300.0
2,0.2469590858827866,0.24814814814814815,0.24755218917421024,13500.0
3,0.18706275980938863,0.17740384615384616,0.1821053151063515,10400.0
4,0.23771359443520337,0.24,0.23885132568563397,13100.0
5,0.1938197950130029,0.2011111111111111,0.19739814598426425,12600.0
accuracy,0.6032310177705977,0.6032310177705977,0.6032310177705977,0.6032310177705977
macro avg,0.34352109806351305,0.3433457645578313,0.34339831884886957,123800.0
weighted avg,0.6029575015647997,0.6032310177705977,0.6030750585420034,123800.0
