,precision,recall,f1-score,support
0,0.9998060606060606,0.9994022617124394,0.9996041203797212,61900.0
1,0.9296564048411989,0.9304878048780488,0.9300719190605826,12300.0
2,0.924038532245018,0.9308148148148148,0.9274142957304697,13500.0
3,0.9373004354136429,0.9314423076923077,0.9343621895346033,10400.0
4,0.9291650781547846,0.9302290076335877,0.9296967385084874,13100.0
5,0.9319538400318345,0.9293650793650794,0.9306576594476454,12600.0
accuracy,0.9649192245557351,0.9649192245557351,0.9649192245557351,0.9649192245557351
macro avg,0.9419867252154233,0.9419568793493797,0.9419678204435851,123800.0
weighted avg,0.9649426054353821,0.9649192245557351,0.9649285396039794,123800.0
