FC Metric,LogReg,RFC,SVC
COH,0.3309631413213628,0.3119464499923744,0.24871067017395157
PDC,0.3943704126587512,0.9565164071166063,0.6562033930886392
PLV,0.3318834141722003,0.3176402975553578,0.33892658099157275
Spectral Granger,0.3533786483389669,0.9554206741695438,0.37762571803581274
iCOH,0.10776746440428424,0.9566763021176513,0.9570687274389001
