,precision,recall,f1-score,support
0,0.9887409438026239,0.9789014539579968,0.9837965969606444,61900.0
1,0.9356223175965666,0.9393495934959349,0.9374822508012496,12300.0
2,0.9445636888461254,0.9453333333333334,0.9449483543741439,13500.0
3,0.9411932629174993,0.9510576923076923,0.9460997656511551,10400.0
4,0.9317772440708496,0.9477099236641221,0.9396760520738722,13100.0
5,0.9263042969663885,0.9426984126984127,0.9344294536443377,12600.0
accuracy,0.9619870759289176,0.9619870759289176,0.9619870759289176,0.9619870759289176
macro avg,0.9447002923666754,0.950841734909582,0.9477387455842338,123800.0
weighted avg,0.9622694240766517,0.9619870759289176,0.9620989400777754,123800.0
