,precision,recall,f1-score,support
0,0.996599837919735,0.9138772213247173,0.9534476074901823,61900.0
1,0.8743243243243243,0.9468292682926829,0.9091334894613582,12300.0
2,0.8895992300818039,0.9585925925925926,0.9228081434734552,13500.0
3,0.8969534050179212,0.9625,0.9285714285714286,10400.0
4,0.8758417508417509,0.9531297709923664,0.9128527562509139,13100.0
5,0.8728462377317339,0.9528571428571428,0.9110984632896982,12600.0
accuracy,0.934232633279483,0.934232633279483,0.934232633279483,0.934232633279483
macro avg,0.901027464319545,0.9479643326765835,0.9229853147561727,123800.0
weighted avg,0.9390388829253498,0.934232633279483,0.9350081854797145,123800.0
