,precision,recall,f1-score,support
0,0.9907820349155296,0.9654442649434571,0.9779490578233797,61900.0
1,0.9121616289164234,0.9396747967479675,0.9257138280405272,12300.0
2,0.9266425992779783,0.9506666666666667,0.9385009140767825,13500.0
3,0.9288880505517306,0.9470192307692308,0.9378660191401228,10400.0
4,0.9170263432058342,0.9406870229007633,0.9287060064812722,13100.0
5,0.9150994505069268,0.9384126984126984,0.9266094588770033,12600.0
accuracy,0.9543537964458805,0.9543537964458805,0.9543537964458805,0.9543537964458805
macro avg,0.9317666845624037,0.9469841134067973,0.9392242140731812,123800.0
weighted avg,0.9552698302529702,0.9543537964458805,0.9546544714863849,123800.0
