,precision,recall,f1-score,support
0,0.9935703605250041,0.9661227786752827,0.9796543533458923,61900.0
1,0.9239113222486144,0.94869918699187,0.9361411953469715,12300.0
2,0.9420945157526255,0.9568888888888889,0.9494340732029988,13500.0
3,0.9366816311260756,0.9629807692307693,0.9496491560781339,10400.0
4,0.9286879169755374,0.9563358778625954,0.9423091387739752,13100.0
5,0.9234296194406235,0.959047619047619,0.9409016584910067,12600.0
accuracy,0.9613651050080776,0.9613651050080776,0.9613651050080776,0.9613651050080776
macro avg,0.9413958943447468,0.9583458534495043,0.9496815958731631,123800.0
weighted avg,0.9622528628744648,0.9613651050080776,0.9616192487985245,123800.0
