,precision,recall,f1-score,support
0,0.9940698701828315,0.9451211631663974,0.9689777394991388,61900.0
1,0.9097932110807647,0.9478861788617886,0.928449133983675,12300.0
2,0.917315037487622,0.9606666666666667,0.938490484116072,13500.0
3,0.9188045977011494,0.9607692307692308,0.9393184488836663,10400.0
4,0.8968082033506644,0.9480152671755725,0.9217010538815497,13100.0
5,0.8993369499698614,0.9473015873015873,0.9226963512677798,12600.0
accuracy,0.9489337641357027,0.9489337641357027,0.9489337641357027,0.9489337641357027
macro avg,0.9226879782954823,0.9516266823235405,0.9366055352719802,123800.0
weighted avg,0.9510705599054885,0.9489337641357027,0.9494219520094938,123800.0
