FC Metric,LogReg,RFC,SVC
COH,0.25364161939369334,0.24223407078284018,0.205226787290002
PDC,0.2991338042995139,0.917394451357597,0.5136114085639559
PLV,0.2542170691364681,0.24545649668680056,0.26151657533267186
Spectral Granger,0.2746384003147215,0.9154236645534238,0.2903098936472767
iCOH,0.07962749042068216,0.9173732788229957,0.918210151939428
