FC Metric,LogReg,RFC,SVC
COH,0.43145382752022016,0.423700355925089,0.4279782227553751
PDC,0.46995090268996265,0.9486243153056727,0.6600737512571238
PLV,0.4323895914565713,0.42210581937647895,0.43412356862767815
Spectral Granger,0.455554445143351,0.9473982256339268,0.4715496439990966
iCOH,0.31382755747995567,0.941108219135125,0.9463266621598252
