,precision,recall,f1-score,support
0,0.9594245321209479,0.9954765751211632,0.9771181199752628,61900.0
1,0.1673538429009409,0.1286991869918699,0.14550301024863274,12300.0
2,0.24813988095238096,0.34585185185185185,0.2889590295828692,13500.0
3,0.1990477934444241,0.10451923076923077,0.137065758779396,10400.0
4,0.22721013494904985,0.25190839694656486,0.23892267593397046,13100.0
5,0.20947498674208945,0.1880952380952381,0.19821025340804552,12600.0
accuracy,0.6028190630048466,0.6028190630048466,0.6028190630048466,0.6028190630048466
macro avg,0.3351085285183055,0.3357584132959864,0.3309631413213628,123800.0
weighted avg,0.5854818566351396,0.6028190630048466,0.5914948763398852,123800.0
