,precision,recall,f1-score,support
0,1.0,1.0,1.0,61900.0
1,0.24211888693722844,0.21292682926829268,0.2265864947873859,12300.0
2,0.2614694335389792,0.3453333333333333,0.2976061283115225,13500.0
3,0.11684782608695653,0.01653846153846154,0.028975741239892182,10400.0
4,0.2788956481048198,0.3184732824427481,0.29737339178160305,13100.0
5,0.23588158364047082,0.31492063492063493,0.2697301339133981,12600.0
accuracy,0.6259531502423263,0.6259531502423263,0.6259531502423263,0.6259531502423263
macro avg,0.35586889638474245,0.3680320902505784,0.3533786483389669,123800.0
weighted avg,0.615902730189431,0.6259531502423263,0.6163185415721575,123800.0
