,precision,recall,f1-score,support
0,0.9589446008805365,0.9957996768982229,0.9770247030012917,61900.0
1,0.1710244320617231,0.12975609756097561,0.14755917159763313,12300.0
2,0.2487467679805815,0.3491851851851852,0.2905303380481341,13500.0
3,0.19669083472764454,0.10173076923076924,0.13410228785094114,10400.0
4,0.2265464973371569,0.2532824427480916,0.23916961003387877,13100.0
5,0.21546419334700795,0.19174603174603175,0.2029143745013228,12600.0
accuracy,0.6037318255250403,0.6037318255250403,0.6037318255250403,0.6037318255250403
macro avg,0.33623622105577505,0.33691670056154605,0.3318834141722003,123800.0
weighted avg,0.5860140978114605,0.6037318255250403,0.5920797519700398,123800.0
