,mean,err
Classifier,MLP,MLP
FC Metric,,
COH,0.423621938376506,0.06286454810998049
PDC,0.8999839640907069,0.046051379821044014
PLV,0.43351331170912333,0.06421870589999468
Spectral Granger,0.5792361579054053,0.07076384209459474
iCOH,0.8553140080487908,0.061333397002962364
