,mean,err
Classifier,MLP,MLP
FC Metric,,
PDC,0.9923815280853685,0.0067576529705842825
iCOH,0.9895955439698543,0.007207782068919921
