,mean,err
Classifier,MLP,MLP
FC Metric,,
COH,0.33509626661411995,0.06059540263008717
PDC,0.9122190665675786,0.04860753609169055
PLV,0.33940870033801374,0.05937110023683467
Spectral Granger,0.5514275845158966,0.0776349154841035
iCOH,0.8786233900933866,0.05545173127834546
