,mean,err
Classifier,MLP,MLP
FC Metric,,
PDC,0.9094705018636257,0.047873004069927894
iCOH,0.8751662310443838,0.05516464807487531
