,precision,recall,f1-score,support
0,0.9998707551132509,0.9998384491114701,0.9998546018514031,61900.0
1,0.9087495919033627,0.9052032520325203,0.9069729553600521,12300.0
2,0.9063385533184191,0.9002962962962963,0.903307320698625,13500.0
3,0.9052570768341999,0.9040384615384616,0.9046473587991918,10400.0
4,0.8983469219836936,0.916793893129771,0.9074766708224714,13100.0
5,0.9145374449339208,0.9061904761904762,0.9103448275862069,12600.0
accuracy,0.9532148626817447,0.9532148626817447,0.9532148626817447,0.9532148626817447
macro avg,0.9221833906811412,0.9220601380498326,0.9221006225196584,123800.0
weighted avg,0.9532421670028247,0.9532148626817447,0.9532151678661881,123800.0
