,precision,recall,f1-score,support
0,0.9915594075415561,0.9906623586429726,0.9911106801137833,61900.0
1,0.8861728998614845,0.8842276422764228,0.8851992023765921,12300.0
2,0.88668430335097,0.8937777777777778,0.8902169101372289,13500.0
3,0.8960786221660018,0.8854807692307692,0.8907481742999467,10400.0
4,0.8850627137970354,0.8887786259541984,0.8869167777566178,13100.0
5,0.8735268528039232,0.8765079365079365,0.8750148556035335,12600.0
accuracy,0.9382875605815832,0.9382875605815832,0.9382875605815832,0.9382875605815832
macro avg,0.9031807999201619,0.9032391850650128,0.9032011000479505,123800.0
weighted avg,0.9383495125763626,0.9382875605815832,0.9383134697662644,123800.0
