,precision,recall,f1-score,support
0,0.9999676861680642,0.9998546042003231,0.9999111419870267,61900.0
1,0.4569206842923795,0.47772357723577236,0.4670906200317965,12300.0
2,0.46446700507614214,0.488,0.4759427828348505,13500.0
3,0.45839351183201865,0.3967307692307692,0.42533890005669805,10400.0
4,0.5140714396165146,0.507557251908397,0.510793577629254,13100.0
5,0.42844987623762376,0.4396031746031746,0.433954873080539,12600.0
accuracy,0.7323828756058158,0.7323828756058158,0.7323828756058158,0.7323828756058158
macro avg,0.5537117005371238,0.5515782295297394,0.5521719826033608,123800.0
weighted avg,0.7325405943598607,0.7323828756058158,0.7322107731179823,123800.0
