,mean,err
Classifier,MLP,MLP
FC Metric,,
PDC,0.9859051669110117,0.011973673924515316
iCOH,0.9846233455326692,0.011211357696587765
