,mean,err
Classifier,MLP,MLP
FC Metric,,
PDC,0.052906608251186565,0.025881270536692216
iCOH,0.07835175854934892,0.036487598880369926
