,mean,err
Classifier,MLP,MLP
FC Metric,,
PDC,0.8410010953968812,0.07469472815301392
iCOH,0.7870422616909344,0.08182381849842002
