,mean,err
Classifier,MLP,MLP
FC Metric,,
PDC,0.9122190665675786,0.04860753609169055
iCOH,0.8786233900933866,0.05545173127834546
