,mean,err
Classifier,MLP,MLP
FC Metric,,
COH,0.8159731745914378,0.03485785420245713
PDC,0.9859051669110117,0.011973673924515316
PLV,0.8159334918138084,0.036643606280636454
Spectral Granger,0.9132659665309232,0.024476256291505627
iCOH,0.9846233455326692,0.011211357696587765
