,mean,err
Classifier,MLP,MLP
FC Metric,,
PDC,0.9128556610873995,0.04943826342658075
iCOH,0.8790276332195984,0.053873308880491466
