,mean,err
Classifier,MLP,MLP
FC Metric,,
PDC,0.8999839640907069,0.046051379821044014
iCOH,0.8553140080487908,0.061333397002962364
