,mean,err
Classifier,MLP,MLP
FC Metric,,
PDC,0.9470933917488134,0.02588127053669209
iCOH,0.921648241450651,0.0364875988803699
