FC Metric,LogReg,RFC,SVC
COH,0.3351085285183055,0.3236482303080311,0.2542796156736036
PDC,0.3952704741397712,0.957522120267766,0.6591182716575931
PLV,0.33623622105577505,0.3192474452931708,0.341823302553087
Spectral Granger,0.35586889638474245,0.956555614800158,0.4228878687552297
iCOH,0.08144130299475079,0.964507915462363,0.959168336002207
