,precision,recall,f1-score,support
0,0.9597089487402259,0.9993376413570275,0.9791224793440755,61900.0
1,0.171851590728827,0.15853658536585366,0.16492578339747116,12300.0
2,0.2163583252190847,0.24688888888888888,0.23061754021795536,13500.0
3,0.1753480369153762,0.10778846153846154,0.13350800928958495,10400.0
4,0.22714168039538715,0.25259541984732825,0.2391932918895475,13100.0
5,0.1650760897601238,0.1523809523809524,0.15847468119351246,12600.0
accuracy,0.5936348949919225,0.5936348949919225,0.5936348949919225,0.5936348949919225
macro avg,0.3192474452931708,0.3195879915630853,0.3176402975553578,123800.0
weighted avg,0.5760882892691376,0.5936348949919225,0.5837504184453358,123800.0
