,precision,recall,f1-score,support
0,0.9555359928338661,0.9995153473344104,0.9770310069562333,61900.0
1,0.16750966974114848,0.13731707317073172,0.15091810749229329,12300.0
2,0.20989278752436646,0.31903703703703706,0.2532039976484421,13500.0
3,0.22411029176017955,0.06721153846153846,0.10341001553369333,10400.0
4,0.24109372945970817,0.28,0.25909444091262274,13100.0
5,0.14374691052891744,0.1153968253968254,0.1280211314109619,12600.0
accuracy,0.5952100161550888,0.5952100161550888,0.5952100161550888,0.5952100161550888
macro avg,0.3236482303080311,0.31974630356675715,0.3119464499923745,123800.0
weighted avg,0.5762672495048773,0.5952100161550888,0.5802539064158635,123800.0
