,mean,err
Classifier,SVC,SVC
FC Metric,,
COH,0.2519144882241867,0.035368580712182296
PDC,0.6501878958513881,0.07498343095533722
PLV,0.33749542966550045,0.06048756411328815
Spectral Granger,0.3744432557717013,0.06176196548522167
iCOH,0.9508149524159832,0.0376224609521445
