,precision,recall,f1-score,support
0,0.9923573424103272,0.9984814216478191,0.9954099627965406,61900.0
1,0.9517601043024772,0.9495934959349593,0.9506755656845189,12300.0
2,0.9460900473933649,0.9463703703703704,0.9462301881202785,13500.0
3,0.9574965880288555,0.9444230769230769,0.950914899796689,10400.0
4,0.9521252109866503,0.9473282442748091,0.9497206703910615,13100.0
5,0.9551807228915663,0.9438095238095238,0.9494610778443113,12600.0
accuracy,0.9724232633279483,0.9724232633279483,0.9724232633279483,0.9724232633279483
macro avg,0.959168336002207,0.9550010221600931,0.9570687274389001,123800.0
weighted avg,0.9723090977850491,0.9724232633279483,0.9723534653917284,123800.0
