,precision,recall,f1-score,support
0,0.9876701772412022,0.9938610662358643,0.990755950655458,61900.0
1,0.16722595078299776,0.17016260162601626,0.1686814958091554,12300.0
2,0.2638252108450784,0.34525925925925927,0.2990984053646485,13500.0
3,0.2070499094053698,0.12086538461538461,0.15263189848825207,10400.0
4,0.23858539813249025,0.24770992366412214,0.24306205760083893,13100.0
5,0.1865831689113837,0.17261904761904762,0.1793296780310838,12600.0
accuracy,0.6054200323101777,0.6054200323101777,0.6054200323101777,0.6054200323101777
macro avg,0.341823302553087,0.3417462138366157,0.33892658099157275,123800.0
weighted avg,0.6008484589168397,0.6054200323101777,0.6015463881945773,123800.0
