,mean,err
Classifier,SVC,SVC
FC Metric,,
COH,0.43213832973259064,0.0610743399506673
PDC,0.6611864008609817,0.06698350231025707
PLV,0.4363230595007458,0.06367694049925421
Spectral Granger,0.47260119569415593,0.06228252523607658
iCOH,0.9407556701509554,0.04420394601302435
