{
  "SVC": {
    "iCOH": {
      "best_params": {
        "svc_C": 8.590813524206803,
        "svc_gamma": 0.9981004679372237
      },
      "metrics": {
        "accuracy": 0.9609708737864078,
        "auc_macro": 0.9938800923804179,
        "confusion_matrix": [
          [
            10194,
            144,
            102,
            90,
            70
          ],
          [
            126,
            10186,
            64,
            102,
            122
          ],
          [
            144,
            90,
            9900,
            48,
            118
          ],
          [
            102,
            144,
            78,
            9698,
            78
          ],
          [
            144,
            56,
            94,
            94,
            9512
          ]
        ]
      }
    },
    "PDC": {
      "best_params": {
        "svc_C": 9.630284055080294,
        "svc_gamma": 0.9985911436641803
      },
      "metrics": {
        "accuracy": 0.6082135922330097,
        "auc_macro": 0.867575927200612,
        "confusion_matrix": [
          [
            6817,
            1102,
            992,
            754,
            935
          ],
          [
            1497,
            6855,
            1139,
            631,
            478
          ],
          [
            1502,
            1090,
            6136,
            753,
            819
          ],
          [
            902,
            1227,
            741,
            6403,
            827
          ],
          [
            1637,
            752,
            1148,
            1251,
            5112
          ]
        ]
      }
    },
    "PLV": {
      "best_params": {
        "svc_C": 0.17699139932528546,
        "svc_gamma": 0.61771116995455
      },
      "metrics": {
        "accuracy": 0.18658252427184466,
        "auc_macro": 0.5292508079088567,
        "confusion_matrix": [
          [
            4731,
            5731,
            88,
            0,
            50
          ],
          [
            5658,
            4827,
            53,
            0,
            62
          ],
          [
            4984,
            5126,
            15,
            0,
            175
          ],
          [
            4759,
            5201,
            53,
            0,
            87
          ],
          [
            4910,
            4880,
            74,
            0,
            36
          ]
        ]
      }
    },
    "COH": {
      "best_params": {
        "svc_C": 0.10983042061639475,
        "svc_gamma": 0.8928271252038065
      },
      "metrics": {
        "accuracy": 0.1933398058252427,
        "auc_macro": 0.5189461668286178,
        "confusion_matrix": [
          [
            4685,
            5915,
            0,
            0,
            0
          ],
          [
            5328,
            5272,
            0,
            0,
            0
          ],
          [
            4818,
            5482,
            0,
            0,
            0
          ],
          [
            4639,
            5461,
            0,
            0,
            0
          ],
          [
            4663,
            5237,
            0,
            0,
            0
          ]
        ]
      }
    },
    "Spectral Granger": {
      "best_params": {
        "svc_C": 9.628462426860665,
        "svc_gamma": 0.949177382049965
      },
      "metrics": {
        "accuracy": 0.31860194174757284,
        "auc_macro": 0.6379376861738352,
        "confusion_matrix": [
          [
            4606,
            1983,
            1175,
            1531,
            1305
          ],
          [
            2353,
            3419,
            1869,
            1074,
            1885
          ],
          [
            2150,
            2176,
            3239,
            1151,
            1584
          ],
          [
            2951,
            1726,
            1718,
            1883,
            1822
          ],
          [
            2139,
            1752,
            1257,
            1491,
            3261
          ]
        ]
      }
    }
  },
  "LogReg": {
    "iCOH": {
      "best_params": {
        "logreg_C": 9.795731106934909
      },
      "metrics": {
        "accuracy": 0.2874368932038835,
        "auc_macro": 0.6082070650048885,
        "confusion_matrix": [
          [
            2890,
            2156,
            2068,
            2176,
            1310
          ],
          [
            1990,
            3426,
            1780,
            1675,
            1729
          ],
          [
            2258,
            1656,
            2761,
            1689,
            1936
          ],
          [
            2300,
            1771,
            1407,
            2918,
            1704
          ],
          [
            1712,
            1561,
            2286,
            1533,
            2808
          ]
        ]
      }
    },
    "PDC": {
      "best_params": {
        "logreg_C": 9.924183293826387
      },
      "metrics": {
        "accuracy": 0.35058252427184466,
        "auc_macro": 0.6520457878421558,
        "confusion_matrix": [
          [
            4041,
            1832,
            1603,
            1394,
            1730
          ],
          [
            1826,
            3958,
            2276,
            1412,
            1128
          ],
          [
            1866,
            1643,
            3913,
            1605,
            1273
          ],
          [
            1979,
            1579,
            1464,
            3313,
            1765
          ],
          [
            2222,
            1138,
            1527,
            2183,
            2830
          ]
        ]
      }
    },
    "PLV": {
      "best_params": {
        "logreg_C": 9.990663652020473
      },
      "metrics": {
        "accuracy": 0.19584466019417476,
        "auc_macro": 0.5018636775125447,
        "confusion_matrix": [
          [
            1605,
            3042,
            2753,
            1679,
            1521
          ],
          [
            2105,
            2426,
            2045,
            1748,
            2276
          ],
          [
            2468,
            1753,
            2355,
            1735,
            1989
          ],
          [
            1961,
            2168,
            2238,
            1815,
            1918
          ],
          [
            1794,
            2187,
            2196,
            1838,
            1885
          ]
        ]
      }
    },
    "COH": {
      "best_params": {
        "logreg_C": 9.989502628779245
      },
      "metrics": {
        "accuracy": 0.1953398058252427,
        "auc_macro": 0.5029996518310372,
        "confusion_matrix": [
          [
            1588,
            3039,
            2772,
            1711,
            1490
          ],
          [
            2132,
            2475,
            1983,
            1773,
            2237
          ],
          [
            2493,
            1753,
            2318,
            1709,
            2027
          ],
          [
            1935,
            2143,
            2257,
            1831,
            1934
          ],
          [
            1802,
            2222,
            2189,
            1839,
            1848
          ]
        ]
      }
    },
    "Spectral Granger": {
      "best_params": {
        "logreg_C": 9.994228566003716
      },
      "metrics": {
        "accuracy": 0.32297087378640776,
        "auc_macro": 0.6268971703796773,